<?xml version='1.0' encoding='utf-8' ?>
<!DOCTYPE document SYSTEM "file:///C:/Xilinx/10.1/ISE/xc9500/data/xmlReport9k.dtd">
<document><ascFile>dice.rpt</ascFile><devFile>C:/Xilinx/10.1/ISE/xc9500/data/xc9572.chp</devFile><mfdFile>dice.mfd</mfdFile><htmlFile logic_legend="logiclegend.htm" logo="xc9500_logo.jpg" pin_legend="pinlegend.htm"/><header date=" 1-13-2011" design="dice" device="XC9572" eqnType="1" pkg="PC44" speed="-7" status="1" statusStr="Successful" swVersion="K.31" time="  2:39PM" version="1.0"/><inputs id="button" userloc="P8"/><global_inputs id="clk" pinnum="GCK1" use="GCK1" userloc="P5"/><pin id="FB1_MC2_PIN1" pinnum="1"/><pin id="FB1_MC5_PIN2" pinnum="2" signal="LEDs2_SPECSIG" use="O"/><pin id="FB1_MC6_PIN3" pinnum="3"/><pin id="FB1_MC8_PIN4" pinnum="4" signal="LEDs1_SPECSIG" use="O"/><pin id="FB1_MC9_PIN5" pinnum="5" signal="clk" use="GCK"/><pin id="FB1_MC11_PIN6" pinnum="6"/><pin id="FB1_MC14_PIN7" pinnum="7" signal="Inst_activatorcrst_FFd1_SPECSIG" use="b_SPECSIG"/><pin id="FB1_MC15_PIN8" pinnum="8" signal="button" use="I"/><pin id="FB1_MC17_PIN9" pinnum="9" signal="tmp_Q2_SPECSIG" use="b_SPECSIG"/><pin id="FB2_MC2_PIN35" pinnum="35" signal="LEDs3_SPECSIG" use="O"/><pin id="FB2_MC5_PIN36" pinnum="36"/><pin id="FB2_MC6_PIN37" pinnum="37" signal="LEDs4_SPECSIG" use="O"/><pin id="FB2_MC8_PIN38" pinnum="38"/><pin id="FB2_MC9_PIN39" pinnum="39"/><pin id="FB2_MC11_PIN40" pinnum="40"/><pin id="FB2_MC14_PIN42" pinnum="42"/><pin id="FB2_MC15_PIN43" pinnum="43"/><pin id="FB2_MC17_PIN44" pinnum="44" signal="LEDs0_SPECSIG" use="O"/><pin id="FB3_MC2_PIN11" pinnum="11"/><pin id="FB3_MC5_PIN12" pinnum="12"/><pin id="FB3_MC8_PIN13" pinnum="13"/><pin id="FB3_MC9_PIN14" pinnum="14"/><pin id="FB3_MC11_PIN18" pinnum="18"/><pin id="FB3_MC14_PIN19" pinnum="19"/><pin id="FB3_MC15_PIN20" pinnum="20"/><pin id="FB3_MC17_PIN22" pinnum="22"/><pin id="FB4_MC2_PIN24" pinnum="24"/><pin id="FB4_MC5_PIN25" pinnum="25"/><pin id="FB4_MC8_PIN26" pinnum="26"/><pin id="FB4_MC9_PIN27" pinnum="27"/><pin id="FB4_MC11_PIN28" pinnum="28"/><pin id="FB4_MC14_PIN29" pinnum="29" signal="LEDs6_SPECSIG" use="O"/><pin id="FB4_MC15_PIN33" pinnum="33" signal="LEDs5_SPECSIG" use="O"/><pin id="FB4_MC17_PIN34" pinnum="34"/><fblock id="FB1" inputUse="7" pinUse="3"><macrocell id="FB1_MC1"/><macrocell id="FB1_MC2" pin="FB1_MC2_PIN1"/><macrocell id="FB1_MC3"/><macrocell id="FB1_MC4"/><macrocell id="FB1_MC5" pin="FB1_MC5_PIN2" sigUse="3" signal="LEDs2_SPECSIG"><pterms pt1="FB1_5_1"/></macrocell><macrocell id="FB1_MC6" pin="FB1_MC6_PIN3"/><macrocell id="FB1_MC7"/><macrocell id="FB1_MC8" pin="FB1_MC8_PIN4" sigUse="3" signal="LEDs1_SPECSIG"><pterms pt1="FB1_8_1" pt2="FB1_8_2"/></macrocell><macrocell id="FB1_MC9" pin="FB1_MC9_PIN5"/><macrocell id="FB1_MC10"/><macrocell id="FB1_MC11" pin="FB1_MC11_PIN6"/><macrocell id="FB1_MC12"/><macrocell id="FB1_MC13" sigUse="1" signal="Inst_activatorcrst_FFd2_SPECSIG"><pterms pt1="FB1_13_1"/></macrocell><macrocell id="FB1_MC14" pin="FB1_MC14_PIN7" sigUse="2" signal="Inst_activatorcrst_FFd1_SPECSIG"><pterms pt1="FB1_14_1"/></macrocell><macrocell id="FB1_MC15" pin="FB1_MC15_PIN8" sigUse="2" signal="tmp_Q2tmp_Q&lt;2&gt;_RSTF_SPECSIG"><pterms pt1="FB1_15_1" pt2="FB1_15_2"/></macrocell><macrocell id="FB1_MC16" sigUse="3" signal="tmp_Q0_SPECSIG"><pterms pt1="FB1_16_1" pt2="FB1_16_2"/></macrocell><macrocell id="FB1_MC17" pin="FB1_MC17_PIN9" sigUse="6" signal="tmp_Q2_SPECSIG"><pterms pt1="FB1_17_1" pt2="FB1_17_2" pt3="FB1_17_3"/></macrocell><macrocell id="FB1_MC18" sigUse="6" signal="tmp_Q1_SPECSIG"><pterms pt1="FB1_18_1" pt2="FB1_18_2" pt3="FB1_18_3"/></macrocell><fbinput fbk="LFBK" id="FB1_I1" signal="Inst_activatorcrst_FFd1LFBK_SPECSIG"/><fbinput fbk="LFBK" id="FB1_I2" signal="Inst_activatorcrst_FFd2LFBK_SPECSIG"/><fbinput id="FB1_I3" signal="button"/><fbinput fbk="LFBK" id="FB1_I4" signal="tmp_Q0LFBK_SPECSIG"/><fbinput fbk="LFBK" id="FB1_I5" signal="tmp_Q1LFBK_SPECSIG"/><fbinput fbk="LFBK" id="FB1_I6" signal="tmp_Q2LFBK_SPECSIG"/><fbinput fbk="LFBK" id="FB1_I7" signal="tmp_Q2tmp_Q&lt;2&gt;_RSTFLFBK_SPECSIG"/><pterm id="FB1_5_1"><signal id="tmp_Q0LFBK_SPECSIG" negated="ON"/><signal id="tmp_Q1LFBK_SPECSIG"/><signal id="tmp_Q2LFBK_SPECSIG"/></pterm><pterm id="FB1_8_1"><signal id="tmp_Q0LFBK_SPECSIG" negated="ON"/><signal id="tmp_Q2LFBK_SPECSIG"/></pterm><pterm id="FB1_8_2"><signal id="tmp_Q1LFBK_SPECSIG" negated="ON"/><signal id="tmp_Q2LFBK_SPECSIG"/></pterm><pterm id="FB1_13_1"><signal id="button"/></pterm><pterm id="FB1_14_1"><signal id="button" negated="ON"/><signal id="Inst_activatorcrst_FFd2LFBK_SPECSIG"/></pterm><pterm id="FB1_15_1"><signal id="Inst_activatorcrst_FFd1LFBK_SPECSIG"/></pterm><pterm id="FB1_15_2"><signal id="Inst_activatorcrst_FFd2LFBK_SPECSIG"/></pterm><pterm id="FB1_16_1"><signal id="Inst_activatorcrst_FFd1LFBK_SPECSIG" negated="ON"/><signal id="Inst_activatorcrst_FFd2LFBK_SPECSIG"/></pterm><pterm id="FB1_16_2"><signal id="tmp_Q2tmp_Q&lt;2&gt;_RSTFLFBK_SPECSIG"/></pterm><pterm id="FB1_17_1"><signal id="Inst_activatorcrst_FFd1LFBK_SPECSIG" negated="ON"/><signal id="Inst_activatorcrst_FFd2LFBK_SPECSIG"/><signal id="tmp_Q0LFBK_SPECSIG"/><signal id="tmp_Q1LFBK_SPECSIG"/></pterm><pterm id="FB1_17_2"><signal id="Inst_activatorcrst_FFd1LFBK_SPECSIG" negated="ON"/><signal id="Inst_activatorcrst_FFd2LFBK_SPECSIG"/><signal id="tmp_Q1LFBK_SPECSIG"/><signal id="tmp_Q2LFBK_SPECSIG"/></pterm><pterm id="FB1_17_3"><signal id="tmp_Q2tmp_Q&lt;2&gt;_RSTFLFBK_SPECSIG"/></pterm><pterm id="FB1_18_1"><signal id="Inst_activatorcrst_FFd1LFBK_SPECSIG" negated="ON"/><signal id="Inst_activatorcrst_FFd2LFBK_SPECSIG"/><signal id="tmp_Q0LFBK_SPECSIG"/></pterm><pterm id="FB1_18_2"><signal id="Inst_activatorcrst_FFd1LFBK_SPECSIG" negated="ON"/><signal id="Inst_activatorcrst_FFd2LFBK_SPECSIG"/><signal id="tmp_Q1LFBK_SPECSIG"/><signal id="tmp_Q2LFBK_SPECSIG"/></pterm><pterm id="FB1_18_3"><signal id="tmp_Q2tmp_Q&lt;2&gt;_RSTFLFBK_SPECSIG"/></pterm><equation id="LEDs2_SPECSIG" userloc="P2"><d2><eq_pterm ptindx="FB1_5_1"/></d2></equation><equation id="LEDs1_SPECSIG" userloc="P4"><d2><eq_pterm ptindx="FB1_8_1"/><eq_pterm ptindx="FB1_8_2"/></d2></equation><equation id="Inst_activatorcrst_FFd2_SPECSIG" regUse="D"><d2><eq_pterm ptindx="FB1_13_1"/></d2><clk><fastsig signal="clk"/></clk><prld ptindx="GND"/></equation><equation id="Inst_activatorcrst_FFd1_SPECSIG" regUse="T"><d2><eq_pterm ptindx="FB1_14_1"/></d2><clk><fastsig signal="clk"/></clk><prld ptindx="GND"/></equation><equation id="tmp_Q2tmp_Q&lt;2&gt;_RSTF_SPECSIG" negated="ON"><d1><eq_pterm ptindx="FB1_15_1"/></d1><d2><eq_pterm ptindx="FB1_15_2"/></d2></equation><equation id="tmp_Q0_SPECSIG" regUse="T"><d2><eq_pterm ptindx="FB1_16_1"/></d2><clk><fastsig signal="clk"/></clk><reset><eq_pterm ptindx="FB1_16_2"/></reset><prld ptindx="GND"/></equation><equation id="tmp_Q2_SPECSIG" regUse="T"><d2><eq_pterm ptindx="FB1_17_1"/><eq_pterm ptindx="FB1_17_2"/></d2><clk><fastsig signal="clk"/></clk><reset><eq_pterm ptindx="FB1_17_3"/></reset><prld ptindx="GND"/></equation><equation id="tmp_Q1_SPECSIG" regUse="T"><d2><eq_pterm ptindx="FB1_18_1"/><eq_pterm ptindx="FB1_18_2"/></d2><clk><fastsig signal="clk"/></clk><reset><eq_pterm ptindx="FB1_18_3"/></reset><prld ptindx="GND"/></equation></fblock><fblock id="FB2" inputUse="3" pinUse="3"><macrocell id="FB2_MC1"/><macrocell id="FB2_MC2" pin="FB2_MC2_PIN35" sigUse="3" signal="LEDs3_SPECSIG"><pterms pt1="FB2_2_1" pt2="FB2_2_2"/></macrocell><macrocell id="FB2_MC3"/><macrocell id="FB2_MC4"/><macrocell id="FB2_MC5" pin="FB2_MC5_PIN36"/><macrocell id="FB2_MC6" pin="FB2_MC6_PIN37" sigUse="3" signal="LEDs4_SPECSIG"><pterms pt1="FB2_6_1" pt2="FB2_6_2"/></macrocell><macrocell id="FB2_MC7"/><macrocell id="FB2_MC8" pin="FB2_MC8_PIN38"/><macrocell id="FB2_MC9" pin="FB2_MC9_PIN39"/><macrocell id="FB2_MC10"/><macrocell id="FB2_MC11" pin="FB2_MC11_PIN40"/><macrocell id="FB2_MC12"/><macrocell id="FB2_MC13"/><macrocell id="FB2_MC14" pin="FB2_MC14_PIN42"/><macrocell id="FB2_MC15" pin="FB2_MC15_PIN43"/><macrocell id="FB2_MC16"/><macrocell id="FB2_MC17" pin="FB2_MC17_PIN44" sigUse="3" signal="LEDs0_SPECSIG"><pterms pt1="FB2_17_1" pt2="FB2_17_2"/></macrocell><macrocell id="FB2_MC18"/><fbinput id="FB2_I1" signal="tmp_Q0_SPECSIG"/><fbinput id="FB2_I2" signal="tmp_Q1_SPECSIG"/><fbinput id="FB2_I3" signal="tmp_Q2_SPECSIG"/><pterm id="FB2_2_1"><signal id="tmp_Q1_SPECSIG" negated="ON"/><signal id="tmp_Q2_SPECSIG" negated="ON"/></pterm><pterm id="FB2_2_2"><signal id="tmp_Q0_SPECSIG"/><signal id="tmp_Q1_SPECSIG"/><signal id="tmp_Q2_SPECSIG"/></pterm><pterm id="FB2_6_1"><signal id="tmp_Q1_SPECSIG" negated="ON"/><signal id="tmp_Q2_SPECSIG" negated="ON"/></pterm><pterm id="FB2_6_2"><signal id="tmp_Q0_SPECSIG"/><signal id="tmp_Q1_SPECSIG"/><signal id="tmp_Q2_SPECSIG"/></pterm><pterm id="FB2_17_1"><signal id="tmp_Q0_SPECSIG"/><signal id="tmp_Q1_SPECSIG" negated="ON"/></pterm><pterm id="FB2_17_2"><signal id="tmp_Q0_SPECSIG"/><signal id="tmp_Q2_SPECSIG" negated="ON"/></pterm><equation id="LEDs3_SPECSIG" negated="ON" userloc="P35"><d2><eq_pterm ptindx="FB2_2_1"/><eq_pterm ptindx="FB2_2_2"/></d2></equation><equation id="LEDs4_SPECSIG" negated="ON" userloc="P37"><d2><eq_pterm ptindx="FB2_6_1"/><eq_pterm ptindx="FB2_6_2"/></d2></equation><equation id="LEDs0_SPECSIG" userloc="P44"><d2><eq_pterm ptindx="FB2_17_1"/><eq_pterm ptindx="FB2_17_2"/></d2></equation></fblock><fblock id="FB3" inputUse="0" pinUse="0"><macrocell id="FB3_MC1"/><macrocell id="FB3_MC2" pin="FB3_MC2_PIN11"/><macrocell id="FB3_MC3"/><macrocell id="FB3_MC4"/><macrocell id="FB3_MC5" pin="FB3_MC5_PIN12"/><macrocell id="FB3_MC6"/><macrocell id="FB3_MC7"/><macrocell id="FB3_MC8" pin="FB3_MC8_PIN13"/><macrocell id="FB3_MC9" pin="FB3_MC9_PIN14"/><macrocell id="FB3_MC10"/><macrocell id="FB3_MC11" pin="FB3_MC11_PIN18"/><macrocell id="FB3_MC12"/><macrocell id="FB3_MC13"/><macrocell id="FB3_MC14" pin="FB3_MC14_PIN19"/><macrocell id="FB3_MC15" pin="FB3_MC15_PIN20"/><macrocell id="FB3_MC16"/><macrocell id="FB3_MC17" pin="FB3_MC17_PIN22"/><macrocell id="FB3_MC18"/></fblock><fblock id="FB4" inputUse="3" pinUse="2"><macrocell id="FB4_MC1"/><macrocell id="FB4_MC2" pin="FB4_MC2_PIN24"/><macrocell id="FB4_MC3"/><macrocell id="FB4_MC4"/><macrocell id="FB4_MC5" pin="FB4_MC5_PIN25"/><macrocell id="FB4_MC6"/><macrocell id="FB4_MC7"/><macrocell id="FB4_MC8" pin="FB4_MC8_PIN26"/><macrocell id="FB4_MC9" pin="FB4_MC9_PIN27"/><macrocell id="FB4_MC10"/><macrocell id="FB4_MC11" pin="FB4_MC11_PIN28"/><macrocell id="FB4_MC12"/><macrocell id="FB4_MC13"/><macrocell id="FB4_MC14" pin="FB4_MC14_PIN29" sigUse="3" signal="LEDs6_SPECSIG"><pterms pt1="FB4_14_1" pt2="FB4_14_2"/></macrocell><macrocell id="FB4_MC15" pin="FB4_MC15_PIN33" sigUse="3" signal="LEDs5_SPECSIG"><pterms pt1="FB4_15_1"/></macrocell><macrocell id="FB4_MC16"/><macrocell id="FB4_MC17" pin="FB4_MC17_PIN34"/><macrocell id="FB4_MC18"/><fbinput id="FB4_I1" signal="tmp_Q0_SPECSIG"/><fbinput id="FB4_I2" signal="tmp_Q1_SPECSIG"/><fbinput id="FB4_I3" signal="tmp_Q2_SPECSIG"/><pterm id="FB4_14_1"><signal id="tmp_Q0_SPECSIG" negated="ON"/><signal id="tmp_Q2_SPECSIG"/></pterm><pterm id="FB4_14_2"><signal id="tmp_Q1_SPECSIG" negated="ON"/><signal id="tmp_Q2_SPECSIG"/></pterm><pterm id="FB4_15_1"><signal id="tmp_Q0_SPECSIG" negated="ON"/><signal id="tmp_Q1_SPECSIG"/><signal id="tmp_Q2_SPECSIG"/></pterm><equation id="LEDs6_SPECSIG" userloc="P29"><d2><eq_pterm ptindx="FB4_14_1"/><eq_pterm ptindx="FB4_14_2"/></d2></equation><equation id="LEDs5_SPECSIG" userloc="P33"><d2><eq_pterm ptindx="FB4_15_1"/></d2></equation></fblock><vcc/><gnd/><messages><warning>INFO:Cpld - Inferring BUFG constraint for signal 'clk' based upon the LOC   constraint 'P5'. It is recommended that you declare this BUFG explicitedly in   your design. Note that for certain device families the output of a BUFG   constraint can not drive a gated clock, and the BUFG constraint will be   ignored.</warning></messages><compOpts exhaust="OFF" gclkopt="ON" gsropt="ON" gtsopt="ON" ignorets="OFF" inputs="36" keepio="OFF" loc="ON" localfbk="ON" mlopt="ON" optimize="SPEED" part="xc9572-7-PC44" pinfbk="ON" power="STD" prld="LOW" pterms="25" slew="FAST" uim="ON" unused="OFF" wysiwyg="OFF"/><specSig signal="LEDs2_SPECSIG" value="LEDs&lt;2&gt;"/><specSig signal="LEDs1_SPECSIG" value="LEDs&lt;1&gt;"/><specSig signal="b_SPECSIG" value="(b)"/><specSig signal="Inst_activatorcrst_FFd1_SPECSIG" value="Inst_activator/crst_FFd1"/><specSig signal="tmp_Q2_SPECSIG" value="tmp_Q&lt;2&gt;"/><specSig signal="LEDs3_SPECSIG" value="LEDs&lt;3&gt;"/><specSig signal="LEDs4_SPECSIG" value="LEDs&lt;4&gt;"/><specSig signal="LEDs0_SPECSIG" value="LEDs&lt;0&gt;"/><specSig signal="LEDs6_SPECSIG" value="LEDs&lt;6&gt;"/><specSig signal="LEDs5_SPECSIG" value="LEDs&lt;5&gt;"/><specSig signal="Inst_activatorcrst_FFd2_SPECSIG" value="Inst_activator/crst_FFd2"/><specSig signal="tmp_Q2tmp_Q&lt;2&gt;_RSTF_SPECSIG" value="tmp_Q&lt;2&gt;/tmp_Q&lt;2&gt;_RSTF"/><specSig signal="tmp_Q0_SPECSIG" value="tmp_Q&lt;0&gt;"/><specSig signal="tmp_Q1_SPECSIG" value="tmp_Q&lt;1&gt;"/><specSig signal="Inst_activatorcrst_FFd1LFBK_SPECSIG" value="Inst_activator/crst_FFd1.LFBK"/><specSig signal="Inst_activatorcrst_FFd2LFBK_SPECSIG" value="Inst_activator/crst_FFd2.LFBK"/><specSig signal="tmp_Q0LFBK_SPECSIG" value="tmp_Q&lt;0&gt;.LFBK"/><specSig signal="tmp_Q1LFBK_SPECSIG" value="tmp_Q&lt;1&gt;.LFBK"/><specSig signal="tmp_Q2LFBK_SPECSIG" value="tmp_Q&lt;2&gt;.LFBK"/><specSig signal="tmp_Q2tmp_Q&lt;2&gt;_RSTFLFBK_SPECSIG" value="tmp_Q&lt;2&gt;/tmp_Q&lt;2&gt;_RSTF.LFBK"/></document>
